Product Name,Price
HP Laptop 14s-dy2504TU,"₹67,142"
HP 250 G8 Notebook PC,"₹58,113"
HP Pavilion x360 Convertible 14-dw1039TU LTE Laptop,"₹72,999"
HP Laptop 15s-du3060TX,"₹58,319"
HP Pavilion Laptop 13-bb0075TU,"₹81,999"
HP Pavilion x360 Convertible 14-dw1038TU,"₹76,380"
HP Laptop 15s-du3047TX,"₹76,045"
HP ENVY x360 Convert 13-bd0004TU,"₹84,999"
HP ZBook Firefly 14 G7 Mobile Workstation,"₹122,136"
HP ENVY Laptop - 13-ba0003tu,"₹91,584"
HP Laptop 14s-er0003TU,"₹76,045"
HP Pavilion 14-ce3022tx,"₹79,976"
